{
  "resource_pack_name": "vanilla",
  "texture_name": "atlas.terrain",
  "padding": 8,
  "num_mip_levels": 4,
  "texture_data": {
    "piston_top_sticky": {
      "textures": [
        "textures/blocks/sticky_top"
      ]
    },
    "piston_inner_sticky": {
      "textures": [
        "textures/blocks/piston_inner"
      ]
    },
    "piston_side_sticky": {
      "textures": [
        "textures/blocks/sticky_side"
      ]
    },
    "piston_bottom_sticky": {
      "textures": [
        "textures/blocks/sticky_bottom"
      ]
    },
    "observer_north": {
      "textures": [
        "textures/blocks/observer_front",
        "textures/blocks/observer_front_lit"
      ]
    },
    "observer_south": {
      "textures": [
        "textures/blocks/observer_back",
        "textures/blocks/observer_back_lit"
      ]
    },
    "observer_east": {
      "textures": [
        "textures/blocks/observer_side",
        "textures/blocks/observer_side_lit"
      ]
    },
    "observer_west": {
      "textures": [
        "textures/blocks/observer_side",
        "textures/blocks/observer_side_lit"
      ]
    },
    "observer_top": {
      "textures": [
        "textures/blocks/observer_top",
        "textures/blocks/observer_top_lit"
      ]
    },
    "observer_bottom": {
      "textures": [
        "textures/blocks/observer_top",
        "textures/blocks/observer_top_lit"
      ]
    },
    "dispenser_top": {
      "textures": "textures/blocks/dispenser_top"
    },
    "dispenser_side": {
      "textures": "textures/blocks/dispenser_side"
    },
    "dropper_top": {
      "textures": "textures/blocks/dropper_top"
    },
    "dropper_side": {
      "textures": "textures/blocks/dropper_side"
    },
    "daylight_detector_side": {
      "textures": [
        "textures/blocks/daylight_detector_side",
        "textures/blocks/daylight_detector_inverted_side"
      ]
    },
    "daylight_detector_top": {
      "textures": [
        "textures/blocks/daylight_detector_top",
        "textures/blocks/daylight_detector_inverted_top"
      ]
    },
    "hopper_up": {
      "textures": [
        "textures/blocks/hopper_t",
        "textures/blocks/missing_tile",
        "textures/blocks/hopper_tu",
        "textures/blocks/hopper_td",
        "textures/blocks/hopper_tl",
        "textures/blocks/hopper_tr",
        "textures/blocks/missing_tile",
        "textures/blocks/missing_tile",
        "textures/blocks/hopper_t_",
        "textures/blocks/missing_tile",
        "textures/blocks/hopper_tu_",
        "textures/blocks/hopper_td_",
        "textures/blocks/hopper_tl_",
        "textures/blocks/hopper_tr_"
      ]
    },
    "hopper_down": {
      "textures": [
        "textures/blocks/hopper_inside",
        "textures/blocks/hopper_inside",
        "textures/blocks/hopper_inside",
        "textures/blocks/hopper_inside",
        "textures/blocks/hopper_inside",
        "textures/blocks/hopper_inside",
        "textures/blocks/hopper_inside",
        "textures/blocks/hopper_inside",
        "textures/blocks/hopper_inside",
        "textures/blocks/hopper_inside",
        "textures/blocks/hopper_inside",
        "textures/blocks/hopper_inside",
        "textures/blocks/hopper_inside",
        "textures/blocks/hopper_inside"
      ]
    },
    "hopper_n": {
      "textures": [
        "textures/blocks/hopper_s",
        "textures/blocks/missing_tile",
        "textures/blocks/hopper_sd",
        "textures/blocks/hopper_su",
        "textures/blocks/hopper_sr",
        "textures/blocks/hopper_sl",
        "textures/blocks/missing_tile",
        "textures/blocks/missing_tile",
        "textures/blocks/hopper_s_",
        "textures/blocks/missing_tile",
        "textures/blocks/hopper_sd_",
        "textures/blocks/hopper_su_",
        "textures/blocks/hopper_sr_",
        "textures/blocks/hopper_sl_"
      ]
    },
    "hopper_s": {
      "textures": [
        "textures/blocks/hopper_s",
        "textures/blocks/missing_tile",
        "textures/blocks/hopper_su",
        "textures/blocks/hopper_sd",
        "textures/blocks/hopper_sl",
        "textures/blocks/hopper_sr",
        "textures/blocks/missing_tile",
        "textures/blocks/missing_tile",
        "textures/blocks/hopper_s_",
        "textures/blocks/missing_tile",
        "textures/blocks/hopper_su_",
        "textures/blocks/hopper_sd_",
        "textures/blocks/hopper_sl_",
        "textures/blocks/hopper_sr_"
      ]
    },
    "hopper_w": {
      "textures": [
        "textures/blocks/hopper_s",
        "textures/blocks/missing_tile",
        "textures/blocks/hopper_sl",
        "textures/blocks/hopper_sr",
        "textures/blocks/hopper_sd",
        "textures/blocks/hopper_su",
        "textures/blocks/missing_tile",
        "textures/blocks/missing_tile",
        "textures/blocks/hopper_s_",
        "textures/blocks/missing_tile",
        "textures/blocks/hopper_sl_",
        "textures/blocks/hopper_sr_",
        "textures/blocks/hopper_sd_",
        "textures/blocks/hopper_su_"
      ]
    },
    "hopper_e": {
      "textures": [
        "textures/blocks/hopper_s",
        "textures/blocks/missing_tile",
        "textures/blocks/hopper_sr",
        "textures/blocks/hopper_sl",
        "textures/blocks/hopper_su",
        "textures/blocks/hopper_sd",
        "textures/blocks/missing_tile",
        "textures/blocks/missing_tile",
        "textures/blocks/hopper_s_",
        "textures/blocks/missing_tile",
        "textures/blocks/hopper_sr_",
        "textures/blocks/hopper_sl_",
        "textures/blocks/hopper_su_",
        "textures/blocks/hopper_sd_"
      ]
    },
    "repeater_floor": {
      "textures": [
        "textures/blocks/repeater_floor_off",
        "textures/blocks/repeater_floor_on"
      ]
    },
    "comparator_stone_slab": {
      "textures": [
        "textures/blocks/comparator_floor_off",
        "textures/blocks/comparator_floor_on"
      ]
    },
    "repeater_carried": {
      "textures": [
        "textures/items/repeater",
        "textures/items/repeater"
      ]
    },
    "trip_wire_carried": {
      "textures": "textures/items/string"
    }
  }
}