{
  "namespace": "chest",
  "chest_label": {
    "type": "label",
    "offset": [
      "50%c + 15px",
      0
    ],
    "text_alignment": "center",
    "$new_container_title|default": "$container_title",
    "text": "$new_container_title"
  },
  "small_chest_grid": {
    "type": "grid",
    "size": [
      162,
      54
    ],
    "anchor_from": "top_left",
    "anchor_to": "top_left",
    "grid_dimensions": [
      9,
      3
    ],
    "grid_item_template": "chest.chest_grid_item",
    "collection_name": "container_items"
  },
  "45_grid": {
    "type": "grid",
    "size": [
      162,
      90
    ],
    "anchor_from": "top_left",
    "anchor_to": "top_left",
    "grid_dimensions": [
      9,
      5
    ],
    "grid_item_template": "chest.chest_grid_item",
    "collection_name": "container_items"
  },
  "54_grid": {
    "type": "grid",
    "size": [
      162,
      108
    ],
    "anchor_from": "top_left",
    "anchor_to": "top_left",
    "grid_dimensions": [
      9,
      6
    ],
    "grid_item_template": "chest.chest_grid_item",
    "collection_name": "container_items"
  },
  "81_grid": {
    "type": "grid",
    "size": [
      162,
      162
    ],
    "anchor_from": "top_left",
    "anchor_to": "top_left",
    "grid_dimensions": [
      9,
      9
    ],
    "grid_item_template": "chest.chest_grid_item",
    "collection_name": "container_items"
  },
  "108_grid": {
    "type": "grid",
    "size": [
      216,
      162
    ],
    "anchor_from": "top_left",
    "anchor_to": "top_left",
    "grid_dimensions": [
      12,
      9
    ],
    "grid_item_template": "chest.chest_grid_item",
    "collection_name": "container_items"
  },
  "216_grid": {
    "type": "grid",
    "size": [
      486,
      144
    ],
    "anchor_from": "top_left",
    "anchor_to": "top_left",
    "grid_dimensions": [
      27,
      8
    ],
    "grid_item_template": "chest.chest_grid_item",
    "collection_name": "container_items"
  },
  "small_chest_panel_top_half": {
    "type": "panel",
    "size": [
      "100%",
      "50%"
    ],
    "offset": [
      0,
      12
    ],
    "anchor_to": "top_left",
    "anchor_from": "top_left",
    "controls": [
      {
        "chest_label@chest.chest_label": {}
      },
      {
        "small_chest_grid@chest.small_chest_grid": {
          "offset": [
            7,
            9
          ]
        }
      }
    ]
  },
  "45_panel_top_half": {
    "type": "panel",
    "size": [
      "100%",
      132
    ],
    "offset": [
      0,
      11
    ],
    "anchor_to": "top_left",
    "anchor_from": "top_left",
    "controls": [
      {
        "chest_label@chest.chest_label": {}
      },
      {
        "large_chest_grid@chest.45_grid": {
          "offset": [
            7,
            10
          ]
        }
      }
    ]
  },
  "54_panel_top_half": {
    "type": "panel",
    "size": [
      "100%",
      132
    ],
    "offset": [
      0,
      11
    ],
    "anchor_to": "top_left",
    "anchor_from": "top_left",
    "controls": [
      {
        "chest_label@chest.chest_label": {}
      },
      {
        "large_chest_grid@chest.54_grid": {
          "offset": [
            7,
            10
          ]
        }
      }
    ]
  },
  "81_panel_top_half": {
    "type": "panel",
    "size": [
      "100%",
      132
    ],
    "offset": [
      0,
      11
    ],
    "anchor_to": "top_left",
    "anchor_from": "top_left",
    "controls": [
      {
        "chest_label@chest.chest_label": {}
      },
      {
        "large_chest_grid@chest.81_grid": {
          "offset": [
            7,
            10
          ]
        }
      }
    ]
  },
  "108_panel_top_half": {
    "type": "panel",
    "size": [
      "100%",
      132
    ],
    "offset": [
      0,
      11
    ],
    "anchor_to": "top_left",
    "anchor_from": "top_left",
    "controls": [
      {
        "chest_label@chest.chest_label": {}
      },
      {
        "large_chest_grid@chest.108_grid": {
          "offset": [
            7,
            10
          ]
        }
      }
    ]
  },
  "216_panel_top_half": {
    "type": "panel",
    "size": [
      "100%",
      132
    ],
    "offset": [
      0,
      3
    ],
    "anchor_to": "top_left",
    "anchor_from": "top_left",
    "controls": [
      {
        "chest_label@chest.chest_label": {
          "offset": [
            0,
            3
          ]
        }
      },
      {
        "large_chest_grid@chest.216_grid": {
          "offset": [
            7,
            14
          ]
        }
      }
    ]
  },
  "small_root_panel@common.root_panel": {
    "$chest_panel|default": "chest.small_chest_panel_top_half",
    "layer": 1,
    "controls": [
      {
        "common_panel@common.common_panel": {}
      },
      {
        "chest_panel": {
          "type": "panel",
          "layer": 5,
          "controls": [
            {
              "small_chest_panel_top_half@$chest_panel": {}
            },
            {
              "inventory_grid@common.inventory_panel": {}
            },
            {
              "hotbar_grid@common.hotbar_grid_template": {}
            },
            {
              "inventory_take_progress_icon_button@common.inventory_take_progress_icon_button": {
                "offset": [
                  0,
                  -3
                ]
              }
            }
          ]
        }
      },
      {
        "inventory_selected_icon_button@common.inventory_selected_icon_button": {}
      },
      {
        "gamepad_cursor@common.gamepad_cursor_button": {}
      }
    ]
  },
  "45_root_panel@small_root_panel": {
    "size": [
      176,
      184
    ],
    "$chest_panel": "chest.45_panel_top_half"
  },
  "54_root_panel@small_root_panel": {
    "size": [
      176,
      220
    ],
    "$chest_panel": "chest.54_panel_top_half"
  },
  "81_root_panel@small_root_panel": {
    "size": [
      176,
      275
    ],
    "$chest_panel": "chest.81_panel_top_half"
  },
  "108_root_panel@small_root_panel": {
    "size": [
      230,
      275
    ],
    "$chest_panel": "chest.108_panel_top_half"
  },
  "216_root_panel@common.root_panel": {
    "size": [
      500,
      235
    ],
    "offset": [
      0,
      1
    ],
    "$chest_panel|default": "chest.216_panel_top_half",
    "layer": 1,
    "controls": [
      {
        "common_panel@common.common_panel": {}
      },
      {
        "chest_panel": {
          "type": "panel",
          "layer": 5,
          "controls": [
            {
              "small_chest_panel_top_half@$chest_panel": {}
            },
            {
              "inventoy_render": {
                "size": [
                  480,
                  "95%"
                ],
                "type": "panel",
                "controls": [
                  {
                    "inventory_label": {
                      "anchor_from": "bottom_left",
                      "anchor_to": "bottom_left",
                      "size": [
                        168,
                        72
                      ],
                      "offset": [
                        34,
                        6
                      ],
                      "type": "stack_panel",
                      "orientation": "vertical",
                      "controls": [
                        {
                          "label": {
                            "anchor_from": "top_center",
                            "anchor_to": "top_center",
                            "offset": [
                              -85,
                              0
                            ],
                            "color": [
                              64,
                              64,
                              64
                            ],
                            "type": "label",
                            "text": "   Inventory"
                          }
                        },
                        {
                          "inventory_grid@common.inventory_panel": {}
                        }
                      ]
                    }
                  },
                  {
                    "hotbar_label": {
                      "anchor_from": "bottom_right",
                      "anchor_to": "bottom_right",
                      "size": [
                        172,
                        22
                      ],
                      "offset": [
                        12,
                        -41
                      ],
                      "type": "stack_panel",
                      "orientation": "vertical",
                      "controls": [
                        {
                          "label": {
                            "anchor_from": "top_center",
                            "anchor_to": "top_center",
                            "color": [
                              64,
                              64,
                              64
                            ],
                            "type": "label",
                            "text": "               Hotbar"
                          }
                        },
                        {
                          "hotbar_grid@common.hotbar_grid_in_chest": {}
                        }
                      ]
                    }
                  }
                ]
              }
            },
            {
              "inventory_take_progress_icon_button@common.inventory_take_progress_icon_button": {
                "offset": [
                  0,
                  -3
                ]
              }
            }
          ]
        }
      },
      {
        "inventory_selected_icon_button@common.inventory_selected_icon_button": {}
      },
      {
        "gamepad_cursor@common.gamepad_cursor_button": {}
      }
    ]
  },
  "selected_item_details_in_chest@common.selected_item_details_in_chest": {
    "offset": [
      0,
      0
    ]
  },
  "selected_item_details@common.selected_item_details_in_chest": {
    "offset": [
      0,
      0
    ]
  },
  "nothing": {},
  "small_chest_panel": {
    "type": "panel",
    "controls": [
      {
        "container_gamepad_helpers@common.container_gamepad_helpers": {}
      },
      {
        "flying_item_renderer@common.flying_item_renderer": {
          "layer": 11
        }
      },
      {
        "idk": {
          "type": "label",
          "controls": [
            {
              "welcome@common.welcome_chest_detail": {
                "offset": [
                  0,
                  82
                ]
              }
            },
            {
              "selected_item_details_factory@common.selected_item_details_factory_new": {}
            }
          ]
        }
      },
      {
        "item_lock_notification_factory@common.item_lock_notification_factory": {
          "control_name": "common.item_lock_notification"
        }
      },
      {
        "root_panel@$root_panel": {}
      }
    ]
  },
  "small_chest_screen@common.inventory_screen_common": {
    "$close_on_player_hurt|default": true,
    "close_on_player_hurt": "$close_on_player_hurt",
    "$root_panel|default": "chest.small_root_panel",
    "$new_container_title|default": "$container_title",
    "$container_size|default": 27,
    "variables": [
      {
        "requires": "($container_title \u003d \u0027Menu\u0027)",
        "$root_panel": "chest.54_root_panel",
        "$new_container_title": "§l§b§k||§r§a Game Menu §b§k||§r",
        "$container_size": 54
      },
      {
        "requires": "($container_title \u003d \u0027Shop\u0027)",
        "$root_panel": "chest.216_root_panel",
        "$new_container_title": "§l§b§k||§r§a Shop §b§k||§r",
        "$container_size": 216
      },
      {
        "requires": "$desktop_screen",
        "$screen_content": "chest.small_chest_panel",
        "$screen_bg_content": "common.screen_background"
      },
      {
        "requires": "$pocket_screen",
        "$container_title": "$new_container_title",
        "$screen_content": "pocket_containers.panel"
      }
    ]
  }
}