{"namespace":"scoreboard","scoreboard_sidebar_score":{"anchor_from":"top_right","anchor_to":"top_right","bindings":[{"binding_collection_name":"scoreboard_scores","binding_name":"#player_score_sidebar","binding_type":"collection"}],"color":"red","layer":2,"locked_alpha":1,"size":["default",10],"text":"#player_score_sidebar","type":"label"},"scoreboard_sidebar":{"type":"image","anchor_from":"top_right","anchor_to":"top_right","texture":"textures/Test","alpha":0.5,"size":["100%cm","100%c"],"max_size":["100%","65%"],"bindings":{"binding_name":"#scoreboard_sidebar_visible","binding_type":"global","binding_name_override":"#visible"},"controls":[{"main":{"type":"stack_panel","anchor_from":"top_middle","anchor_to":"top_middle","controls":[{"title":{"type":"label","color":"$title_command_text_color","text":"#text","layer":2,"localize":false,"font_size":"normal","text_alignment":"left","offset":[0,0],"bindings":[{"binding_name":"#hud_title_text_string","binding_name_override":"#text","binding_type":"global"}]}},{"position":{"type":"label","layer":1,"enable_profanity_filter":false,"text":"#text","shadow":false,"bindings":[{"binding_name":"#player_position_text","binding_name_override":"#text","binding_condition":"always_when_visible","binding_type":"global"}],"offset":[20,0]}},{"display_name":{"type":"label","size":["default",10],"text":"#objective_sidebar_name","text_alignment":"center","inherit_max_sibling_width":true,"locked_alpha":1,"layer":2,"color":"$objective_title_color","bindings":[{"binding_name":"#objective_sidebar_name","binding_type":"global"}]}},{"scoreboard":{"type":"panel","offset":[0,0],"size":["100%c","100%cm"],"controls":[{"players":{"type":"stack_panel","anchor_from":"top_left","anchor_to":"top_left","size":["100%cm","100%c"],"orientation":"vertical","collection_name":"scoreboard_players","factory":{"name":"player_list_factory","control_name":"scoreboard.scoreboard_sidebar_player"},"bindings":[{"binding_name":"#scoreboard_sidebar_size","binding_type":"global","binding_name_override":"#collection_length"}],"offset":[7,0]}},{"scores":{"type":"stack_panel","anchor_from":"top_right","anchor_to":"top_right","size":["100%cm","100%c"],"orientation":"vertical","use_child_anchors":true,"collection_name":"scoreboard_scores","factory":{"name":"player_score_factory","control_name":"scoreboard.scoreboard_sidebar_score"},"bindings":[{"binding_name":"#scoreboard_sidebar_size","binding_type":"global","binding_name_override":"#collection_length"}],"offset":[10,0]}}]}},{"end":{"type":"label","text":"","layer":2}},{"main":{"type":"label","offset":[2,0],"controls":[{"creator":{"type":"label","text":"§3Plugin by Choigame123","layer":2,"text_alignment":"center","offset":[58,"0"]}}],"text":"","text_alignment":"center"}}],"size":["100%cm - 5px","100%c"]}}]}}