{
  "namespace": "common",
  "selected_item_details_factory_new": {
    "type": "factory",
    "control_name": "@common.selected_item_details_in_chest"
  },
  "hotbar_grid_in_chest": {
    "type": "grid",
    "size": [
      162,
      18
    ],
    "anchor_from": "bottom_middle",
    "anchor_to": "bottom_middle",
    "offset": [
      0,
      -5
    ],
    "grid_dimensions": [
      9,
      1
    ],
    "grid_item_template": "common.grid_item_for_hotbar",
    "collection_name": "hotbar_items"
  },
  "welcome_chest_detail": {
    "type": "image",
    "alpha": 0.6,
    "texture": "textures/ui/purpleBorder",
    "size": [
      120,
      60
    ],
    "layer": 25,
    "controls": [
      {
        "label": {
          "type": "label",
          "text": "§aTest\nNew line",
          "color": "$item_hover_text_color",
          "layer": 28
        }
      }
    ]
  },
  "anim_item_details_alpha_new": {
    "anim_type": "alpha",
    "easing": "in_quint",
    "destroy_at_end": "@common.selected_item_details_in_chest",
    "duration": 2,
    "from": 1.0,
    "to": 0
  },
  "selected_item_details_in_chest": {
    "type": "panel",
    "anchor_to": "bottom_middle",
    "anchor_from": "bottom_middle",
    "size": [
      "100%c",
      "100%c"
    ],
    "offset": "$offset",
    "layer": 30,
    "$offset|default": [
      0,
      107
    ],
    "$alpha_anim|default": "@common.anim_item_details_alpha_new",
    "controls": [
      {
        "item_panel_image": {
          "type": "image",
          "size": [
            120,
            60
          ],
          "layer": 30,
          "alpha": "$alpha_anim",
          "texture": "textures/ui/purpleBorder",
          "alpha": 0.6,
          "controls": [
            {
              "item_text_label": {
                "type": "label",
                "layer": 1,
                "alpha": "$alpha_anim",
                "text": "#selected_hover_text",
                "color": "$item_hover_text_color"
              }
            }
          ]
        }
      }
    ]
  }
}