{
  "format_version": "1.8.0",
  "minecraft:client_entity": {
    "description": {
      "identifier": "choigame:inventory",
      "materials": {
        "default": "allay"
      },
      "textures": {
        "default": "textures/entity/allay/allay"
      },
      "geometry": {
        "default": "geometry.allay"
      },
      "spawn_egg": {
        "base_color": "#00daff",
        "overlay_color": "#00adff"
      },
      "scripts": {
        "pre_animation": [
          "variable.holding_trident \u003d query.is_item_name_any(\u0027slot.weapon.mainhand\u0027, \u0027minecraft:trident\u0027);"
        ]
      },
      "animations": {
        "idle": "animation.allay.idle",
        "fly": "animation.allay.fly",
        "hold_item": "animation.allay.hold_item"
      },
      "animation_controllers": [
        {
          "general": "controller.animation.allay.general"
        },
        {
          "holding": "controller.animation.allay.holding"
        }
      ],
      "render_controllers": [
        "controller.render.allay"
      ],
      "enable_attachables": true
    }
  }
}