{
  "format_version": "1.10.0",
  "minecraft:entity": {
    "description": {
      "identifier": "choigame:holder",
      "is_spawnable": true,
      "is_summonable": true,
      "is_experimental": false
    },
    "component_groups": {
      "die": {
        "minecraft:instant_despawn": {
          "remove_child_entities": true
        }
      }
    },
    "components": {
      "minecraft:nameable": {
        "allowNameTagRenaming": false,
        "alwaysShow": false
      },
      "minecraft:health": {
        "value": 1,
        "max": 1
      },
      "minecraft:knockback_resistance": {
        "value": 10
      },
      "minecraft:damage_sensor": [
        {
          "cause": "all",
          "deals_damage": false
        }
      ],
      "minecraft:collision_box": {
        "width": 0.01,
        "height": 0.01
      },
      "minecraft:scale": {
        "value": 0.0
      },
      "minecraft:pushable": {
        "is_pushable": false,
        "is_pushable_by_piston": false
      },
      "minecraft:physics": {
        "has_gravity": false,
        "has_collision": false
      }
    },
    "events": {
      "die": {
        "add": {
          "component_groups": [
            "die"
          ]
        }
      }
    }
  }
}