{
    "format_version": "1.16.0",
    "minecraft:entity": {
        "description": {
            "identifier": "choigame:inventory_set",
            "runtime_identifier": "minecraft:arrow",
            "is_spawnable": false,
            "is_summonable": true,
            "is_experimental": false
        },
        "component_groups": {
            "transf": {
                "minecraft:transformation": {
                    "into": "choigame:inventory\u003cminecraft:on_tame\u003e",
                    "keep_owner": true
                }
            }
        },
        "components": {
            "minecraft:projectile": {},
            "minecraft:timer": {
                "looping": false,
                "time": 0.5,
                "time_down_event": {
                    "event": "script:transform"
                }
            }
        },
        "events": {
            "script:transform": {
                "add": {
                    "component_groups": [
                        "transf"
                    ]
                }
            }
        }
    }
}