{
  "format_version": "1.10.0",
  "minecraft:entity": {
    "description": {
      "identifier": "choigame:inventory",
      "is_spawnable": true,
      "is_summonable": true,
      "is_experimental": false
    },
    "component_groups": {
      "die": {
        "minecraft:instant_despawn": {
          "remove_child_entities": true
        }
      }
    },
    "components": {
      "minecraft:nameable": {
        "allowNameTagRenaming": false,
        "alwaysShow": false
      },
      "minecraft:health": {
        "value": 1,
        "max": 1
      },
      "minecraft:knockback_resistance": {
        "value": 10
      },
      "minecraft:damage_sensor": [
        {
          "cause": "all",
          "deals_damage": false
        }
      ],
      "minecraft:scale": {
        "value": 1.4
      },
      "minecraft:tameable": true,
      "minecraft:pushable": {
        "is_pushable": false
      },
      "minecraft:physics": {
        "has_gravity": false
      },
      "minecraft:collision_box": {
        "height": 1.8,
        "width": 0.3
      },
      "minecraft:conditional_bandwidth_optimization": {},
      "minecraft:fire_immune": true,
      "minecraft:inventory": {
        "container_type": "inventory",
        "inventory_size": 216,
        "restrict_to_owner": true
      }
    },
    "events": {
      "minecraft:on_tame": {},
      "die": {
        "add": {
          "component_groups": [
            "die"
          ]
        }
      }
    }
  }
}