{
    "format_version": "1.10.0",
    "animation_controllers": {
      "controller.animation.riding": {
        "states": {
          "default": {
            "transitions": [
              {
                "scroll": "query.is_riding"
              }
            ],
            "on_exit": ["/tag @s add \"isRiding\""]
          },
          "scroll": {
            "transitions": [
              {
                "default": "!query.is_riding"
              }
            ],
            "on_exit": ["/tag @s remove \"isRiding\""]
          }
        }
      }
    }
  }