{
  "format_version": "1.10.0",
  "animation_controllers": {
    "controller.animation.speed": {
      "states": {
        "default": {
          "transitions": [
            {
              "scroll": "query.is_gliding"
            }
          ],
          "on_exit": [
            "/tag @s add \"isGliding\""
          ]
        },
        "scroll": {
          "transitions": [
            {
              "default": "!query.is_gliding"
            }
          ],
          "on_exit": [
            "/tag @s remove \"isGliding\""
          ]
        }
      }
    }
  }
}