{
  "format_version": "1.17.41",
  "minecraft:item": {
    "components": {
      "minecraft:display_name": {
        "value": "§b§l§k||§r §l§aChest GUI Menu§b §k||§r"
      },
      "minecraft:foil": true,
      "minecraft:hand_equipped": true,
      "minecraft:on_use": {
        "on_use": {
          "event": "nothing"
        }
      },
      "minecraft:icon": {
        "texture": "coal"
      },
      "minecraft:max_stack_size": 1
    },
    "description": {
      "category": "equipment",
      "identifier": "choigame123:chest_gui"
    },
    "events": {
      "nothing": {}
    }
  }
}