{
  "format_version": "1.17.41",
  "minecraft:item": {
    "components": {
      "minecraft:cooldown": {
        "category": "shop",
        "duration": 0.1
      },
      "minecraft:display_name": {
        "value": "§b§l§k||§r §l§aGame Menu§b §k||§r"
      },
      "minecraft:foil": true,
      "minecraft:hand_equipped": true,
      "minecraft:icon": {
        "texture": "diamond"
      },
      "minecraft:max_stack_size": 1,
      "minecraft:on_use": {
        "on_use": {
          "event": "nothing"
        }
      }
    },
    "description": {
      "category": "equipment",
      "identifier": "choigame123:ui_open"
    },
    "events": {
      "nothing": {}
    }
  }
}