{
  "format_version": [
    1,
    1,
    0
  ],
  "sticky_piston": {
    "textures": {
      "up": "piston_inner_sticky",
      "down": "piston_bottom_sticky",
      "side": "piston_side_sticky"
    },
    "carried_textures": {
      "up": "piston_top_sticky",
      "down": "piston_bottom_sticky",
      "side": "piston_side_sticky"
    },
    "sound": "stone"
  },
  "dispenser": {
    "textures": {
      "up": "dispenser_top",
      "down": "dispenser_top",
      "north": "dispenser_side",
      "south": "dispenser_front_horizontal",
      "west": "dispenser_side",
      "east": "dispenser_front_vertical"
    },
    "carried_textures": {
      "up": "dispenser_top",
      "down": "dispenser_top",
      "north": "dispenser_side",
      "south": "dispenser_front_horizontal",
      "west": "dispenser_side",
      "east": "dispenser_side"
    },
    "sound": "stone"
  },
  "noteblock": {
    "textures": "noteblock",
    "sound": "wood"
  },
  "jukebox": {
    "textures": {
      "up": "jukebox_top",
      "down": "jukebox_bottom",
      "side": "jukebox_side"
    },
    "sound": "wood"
  },
  "dropper": {
    "textures": {
      "up": "dropper_top",
      "down": "dropper_top",
      "north": "dropper_side",
      "south": "dropper_front_horizontal",
      "west": "dropper_side",
      "east": "dropper_front_vertical"
    },
    "carried_textures": {
      "up": "dropper_top",
      "down": "dropper_top",
      "north": "dropper_side",
      "south": "dropper_front_horizontal",
      "west": "dropper_side",
      "east": "dropper_side"
    },
    "sound": "stone"
  },
  "observer": {
    "textures": {
      "up": "observer_top",
      "down": "observer_bottom",
      "north": "observer_north",
      "south": "observer_south",
      "west": "observer_west",
      "east": "observer_east"
    },
    "sound": "metal"
  },
  "hopper": {
    "textures": {
      "up": "hopper_up",
      "down": "hopper_down",
      "north": "hopper_n",
      "south": "hopper_s",
      "west": "hopper_w",
      "east": "hopper_e"
    },
    "sound": "metal"
  },
  "tripWire": {
    "textures": "trip_wire",
    "carried_textures": "trip_wire_carried"
  },
  "unpowered_repeater": {
    "textures": {
      "up": "repeater_up",
      "down": "repeater_floor",
      "side": "repeater_floor"
    },
    "carried_textures": "repeater_carried",
    "sound": "wood"
  },
  "powered_repeater": {
    "textures": {
      "up": "repeater_up",
      "down": "repeater_floor",
      "side": "repeater_floor"
    },
    "carried_textures": "repeater_carried",
    "sound": "wood"
  }
}